[
  {
    "text": "Start",
    "typeDet": "",
    "funcArgType": "",
    "funcArgDataType": null,
    "type": "",
    "id": "root",
    "parentId": "",
    "root": true,
    "isFirst": true,
    "isLast": true,
    "index": 0,
    "depth": 0,
    "children": [],
    "visible": true,
    "leaf": false,
    "_inputLinkName": null,
    "_otherAttrMap": {},
    "rec": null
  },
  {
    "text": "SUBSTRING",
    "typeDet": "SUBSTRING",
    "funcArgType": "Fun",
    "funcArgDataType": null,
    "type": "Function",
    "id": "ext2714-90154",
    "parentId": "root",
    "root": false,
    "isFirst": false,
    "isLast": false,
    "index": 0,
    "depth": 1,
    "children": [],
    "visible": true,
    "leaf": false,
    "_inputLinkName": null,
    "_otherAttrMap": {},
    "rec": null
  },
  {
    "text": "REPORTING_PERIOD",
    "typeDet": "Attribute",
    "funcArgType": "ATTRIBUTE",
    "funcArgDataType": null,
    "type": "Parameter",
    "id": "ext2714-87097",
    "parentId": "ext2714-90154",
    "root": false,
    "isFirst": false,
    "isLast": false,
    "index": 0,
    "depth": 2,
    "children": [],
    "visible": true,
    "leaf": false,
    "_inputLinkName": null,
    "_otherAttrMap": {
      "_inputLinkName": "Tfm_Standardize"
    },
    "rec": null
  },
  {
    "text": "1",
    "typeDet": "Numeric_Value",
    "funcArgType": "VALUE",
    "funcArgDataType": "N",
    "type": "Value",
    "id": "ext2714-38422",
    "parentId": "ext2714-90154",
    "root": false,
    "isFirst": false,
    "isLast": false,
    "index": 1,
    "depth": 2,
    "children": [],
    "visible": true,
    "leaf": false,
    "_inputLinkName": null,
    "_otherAttrMap": {},
    "rec": null
  },
  {
    "text": "6",
    "typeDet": "Numeric_Value",
    "funcArgType": "VALUE",
    "funcArgDataType": "N",
    "type": "Value",
    "id": "ext2714-17026",
    "parentId": "ext2714-90154",
    "root": false,
    "isFirst": false,
    "isLast": false,
    "index": 2,
    "depth": 2,
    "children": [],
    "visible": true,
    "leaf": false,
    "_inputLinkName": null,
    "_otherAttrMap": {},
    "rec": null
  }
]