[
	{
		"text": "Root",
		"root": true,
		"isFirst": true,
		"isLast": true,
		"depth": 0,
		"index": 0,
		"parentId": null,
		"allowDrag": false,
		"expanded": true,
		"children": {
			"funcArgType": "FUN",
			"expanded": true,
			"text": "IF",
			"type": "Function",
			"typeDet": "IF",
			"children": {
				"funcArgType": "ATTRIBUTE",
				"editable": true,
				"rec": {
					"outputMappedToDataset": false,
					"attributeName": "CHARGE_OFF_EVENT_REASON_CODE",
					"attributeType": "S",
					"ruleConflictFlag": false
				},
				"text": "CHARGE_OFF_EVENT_REASON_CODE",
				"type": "Parameter",
				"typeDet": "Attribute",
				"leaf": true,
				"loaded": false,
				"id": "extModel1927-113",
				"parentId": "extModel1927-110",
				"index": 2,
				"depth": 2,
				"expanded": false,
				"expandable": true,
				"checked": null,
				"cls": "",
				"iconCls": "",
				"icon": "",
				"root": false,
				"isLast": true,
				"isFirst": false,
				"allowDrop": true,
				"allowDrag": true,
				"loading": false,
				"href": "",
				"hrefTarget": "",
				"qtip": "",
				"qtitle": "",
				"qshowDelay": 0,
				"children": null,
				"visible": true
			}],
			"loaded": true,
			"id": "extModel1927-110",
			"parentId": "root",
			"index": 0,
			"depth": 1,
			"expandable": true,
			"checked": null,
			"leaf": false,
			"cls": "",
			"iconCls": "",
			"icon": "",
			"root": false,
			"isLast": true,
			"isFirst": true,
			"allowDrop": true,
			"allowDrag": true,
			"loading": false,
			"href": "",
			"hrefTarget": "",
			"qtip": "",
			"qtitle": "",
			"qshowDelay": 0,
			"visible": true,
			"editable": false
		}],
		"loaded": true,
		"id": "root",
		"expandable": true,
		"checked": null,
		"leaf": false,
		"cls": "",
		"iconCls": "",
		"icon": "",
		"allowDrop": true,
		"loading": false,
		"href": "",
		"hrefTarget": "",
		"qtip": "",
		"qtitle": "",
		"qshowDelay": 0,
		"visible": true,
		"type": "",
		"editable": false
	},
	{
		"funcArgType": "FUN",
		"expanded": true,
		"text": "IF",
		"type": "Function",
		"typeDet": "IF",
		"children": {
			"funcArgType": "ATTRIBUTE",
			"editable": true,
			"rec": {
				"outputMappedToDataset": false,
				"attributeName": "CHARGE_OFF_EVENT_REASON_CODE",
				"attributeType": "S",
				"ruleConflictFlag": false
			},
			"text": "CHARGE_OFF_EVENT_REASON_CODE",
			"type": "Parameter",
			"typeDet": "Attribute",
			"leaf": true,
			"loaded": false,
			"id": "extModel1927-113",
			"parentId": "extModel1927-110",
			"index": 2,
			"depth": 2,
			"expanded": false,
			"expandable": true,
			"checked": null,
			"cls": "",
			"iconCls": "",
			"icon": "",
			"root": false,
			"isLast": true,
			"isFirst": false,
			"allowDrop": true,
			"allowDrag": true,
			"loading": false,
			"href": "",
			"hrefTarget": "",
			"qtip": "",
			"qtitle": "",
			"qshowDelay": 0,
			"children": null,
			"visible": true
		}],
		"loaded": true,
		"id": "extModel1927-110",
		"parentId": "root",
		"index": 0,
		"depth": 1,
		"expandable": true,
		"checked": null,
		"leaf": false,
		"cls": "",
		"iconCls": "",
		"icon": "",
		"root": false,
		"isLast": true,
		"isFirst": true,
		"allowDrop": true,
		"allowDrag": true,
		"loading": false,
		"href": "",
		"hrefTarget": "",
		"qtip": "",
		"qtitle": "",
		"qshowDelay": 0,
		"visible": true,
		"editable": false
	},
	{
		"funcArgType": "FUN",
		"expanded": true,
		"text": "IS_NULL",
		"type": "Function",
		"typeDet": "IS_NULL",
		"children": {
			"funcArgType": "ATTRIBUTE",
			"editable": true,
			"rec": {
				"outputMappedToDataset": false,
				"attributeName": "CHARGE_OFF_EVENT_REASON_CODE",
				"attributeType": "S",
				"ruleConflictFlag": false
			},
			"text": "CHARGE_OFF_EVENT_REASON_CODE",
			"type": "Parameter",
			"typeDet": "Attribute",
			"leaf": true,
			"loaded": false,
			"id": "extModel1927-114",
			"parentId": "extModel1927-111",
			"index": 0,
			"depth": 3,
			"expanded": false,
			"expandable": true,
			"checked": null,
			"cls": "",
			"iconCls": "",
			"icon": "",
			"root": false,
			"isLast": true,
			"isFirst": true,
			"allowDrop": true,
			"allowDrag": true,
			"loading": false,
			"href": "",
			"hrefTarget": "",
			"qtip": "",
			"qtitle": "",
			"qshowDelay": 0,
			"children": null,
			"visible": true
		}],
		"loaded": true,
		"id": "extModel1927-111",
		"parentId": "extModel1927-110",
		"index": 0,
		"depth": 2,
		"expandable": true,
		"checked": null,
		"leaf": false,
		"cls": "",
		"iconCls": "",
		"icon": "",
		"root": false,
		"isLast": false,
		"isFirst": true,
		"allowDrop": true,
		"allowDrag": true,
		"loading": false,
		"href": "",
		"hrefTarget": "",
		"qtip": "",
		"qtitle": "",
		"qshowDelay": 0,
		"visible": true,
		"editable": false
	},
	{
		"funcArgType": "ATTRIBUTE",
		"editable": true,
		"rec": {
			"outputMappedToDataset": false,
			"attributeName": "CHARGE_OFF_EVENT_REASON_CODE",
			"attributeType": "S",
			"ruleConflictFlag": false
		},
		"text": "CHARGE_OFF_EVENT_REASON_CODE",
		"type": "Parameter",
		"typeDet": "Attribute",
		"leaf": true,
		"loaded": false,
		"id": "extModel1927-114",
		"parentId": "extModel1927-111",
		"index": 0,
		"depth": 3,
		"expanded": false,
		"expandable": true,
		"checked": null,
		"cls": "",
		"iconCls": "",
		"icon": "",
		"root": false,
		"isLast": true,
		"isFirst": true,
		"allowDrop": true,
		"allowDrag": true,
		"loading": false,
		"href": "",
		"hrefTarget": "",
		"qtip": "",
		"qtitle": "",
		"qshowDelay": 0,
		"children": null,
		"visible": true
	},
	{
		"text": "TRIM",
		"typeDet": "TRIM",
		"funcArgType": "FUN",
		"leaf": false,
		"type": "String",
		"qtip": "TRIM(ARG)",
		"editable": false,
		"id": "extModel1927-1152717",
		"parentId": "extModel1927-110",
		"index": 1,
		"depth": 2,
		"expanded": true,
		"expandable": true,
		"checked": null,
		"cls": "",
		"iconCls": "",
		"icon": "",
		"root": false,
		"isLast": false,
		"isFirst": false,
		"allowDrop": true,
		"allowDrag": true,
		"loaded": true,
		"loading": false,
		"href": "",
		"hrefTarget": "",
		"qtitle": "",
		"qshowDelay": 0,
		"children": null,
		"visible": true
	},
	{
		"text": "   ",
		"typeDet": "String_Value",
		"funcArgType": "VALUE",
		"funcArgDataType": "S",
		"leaf": true,
		"type": "Value",
		"qtip": "",
		"editable": true,
		"id": "extModel1927-1162726",
		"parentId": "extModel1927-1152717",
		"index": 0,
		"depth": 3,
		"expanded": true,
		"expandable": true,
		"checked": null,
		"cls": "",
		"iconCls": "",
		"icon": "",
		"root": false,
		"isLast": true,
		"isFirst": true,
		"allowDrop": true,
		"allowDrag": true,
		"loaded": false,
		"loading": false,
		"href": "",
		"hrefTarget": "",
		"qtitle": "",
		"qshowDelay": 0,
		"children": null,
		"visible": true
	},
	{
		"funcArgType": "ATTRIBUTE",
		"editable": true,
		"rec": {
			"outputMappedToDataset": false,
			"attributeName": "CHARGE_OFF_EVENT_REASON_CODE",
			"attributeType": "S",
			"ruleConflictFlag": false
		},
		"text": "CHARGE_OFF_EVENT_REASON_CODE",
		"type": "Parameter",
		"typeDet": "Attribute",
		"leaf": true,
		"loaded": false,
		"id": "extModel1927-113",
		"parentId": "extModel1927-110",
		"index": 2,
		"depth": 2,
		"expanded": false,
		"expandable": true,
		"checked": null,
		"cls": "",
		"iconCls": "",
		"icon": "",
		"root": false,
		"isLast": true,
		"isFirst": false,
		"allowDrop": true,
		"allowDrag": true,
		"loading": false,
		"href": "",
		"hrefTarget": "",
		"qtip": "",
		"qtitle": "",
		"qshowDelay": 0,
		"children": null,
		"visible": true
	}
]