[
	{
		"text": "Root",
		"root": true,
		"isFirst": true,
		"isLast": true,
		"depth": 0,
		"index": 0,
		"parentId": null,
		"allowDrag": false,
		"expanded": true,
		"children": [
			{
				"funcArgType": "VALUE",
				"funcArgDataType": "S",
				"editable": true,
				"text": "ASSA",
				"type": "Parameter",
				"typeDet": "String_Value",
				"leaf": true,
				"loaded": false,
				"id": "extModel1572-4",
				"parentId": null,
				"depth": 1,
				"expanded": false,
				"expandable": true,
				"checked": null,
				"cls": "",
				"iconCls": "",
				"icon": "",
				"root": false,
				"isLast": true,
				"isFirst": true,
				"allowDrop": true,
				"allowDrag": true,
				"loading": false,
				"href": "",
				"hrefTarget": "",
				"qtip": "",
				"qtitle": "",
				"qshowDelay": 0,
				"children": [
				],
				"visible": true,
				"lastParentId": "root"
			}
		],
		"loaded": true,
		"id": "root",
		"expandable": true,
		"checked": null,
		"leaf": false,
		"cls": "",
		"iconCls": "",
		"icon": "",
		"allowDrop": true,
		"loading": false,
		"href": "",
		"hrefTarget": "",
		"qtip": "",
		"qtitle": "",
		"qshowDelay": 0,
		"visible": true,
		"type": "",
		"editable": false
	},
	{
		"text": "232",
		"typeDet": "Numeric_Value",
		"funcArgType": "VALUE",
		"funcArgDataType": "N",
		"leaf": true,
		"type": "Value",
		"qtip": "",
		"editable": true,
		"id": "extModel1572-52041",
		"parentId": "root",
		"depth": 1,
		"expanded": true,
		"expandable": true,
		"checked": null,
		"cls": "",
		"iconCls": "",
		"icon": "",
		"root": false,
		"isLast": true,
		"isFirst": true,
		"allowDrop": true,
		"allowDrag": true,
		"loaded": false,
		"loading": false,
		"href": "",
		"hrefTarget": "",
		"qtitle": "",
		"qshowDelay": 0,
		"children": [
		],
		"visible": true,
		"lastParentId": "root"
	}
]
