[
	{
		"text": "Start",
		"root": true,
		"isFirst": true,
		"isLast": true,
		"depth": 0,
		"index": 0,
		"parentId": null,
		"allowDrag": false,
		"expanded": true,
		"children": [],
		"loaded": true,
		"id": "root",
		"expandable": true,
		"checked": null,
		"leaf": false,
		"cls": "",
		"iconCls": "",
		"icon": "",
		"allowDrop": true,
		"loading": false,
		"href": "",
		"hrefTarget": "",
		"qtip": "",
		"qtitle": "",
		"qshowDelay": 0,
		"visible": true,
		"type": "",
		"editable": false
	},
	{
		"text": "SUBSTRING",
		"typeDet": "SUBSTRING",
		"funcArgType": "FUN",
		"leaf": false,
		"type": "String",
		"qtip": "SUBSTRING(EXPR ,START , LENGTH)",
		"editable": false,
		"id": "extModel1572-31999",
		"parentId": "root",
		"index": 0,
		"depth": 1,
		"expanded": true,
		"expandable": true,
		"checked": null,
		"cls": "",
		"iconCls": "",
		"icon": "",
		"root": false,
		"isLast": true,
		"isFirst": true,
		"allowDrop": true,
		"allowDrag": true,
		"loaded": true,
		"loading": false,
		"href": "",
		"hrefTarget": "",
		"qtitle": "",
		"qshowDelay": 0,
		"children": null,
		"visible": true
	},
	{
		"text": "CRD_ACCT_NBR",
		"typeDet": "Attribute",
		"funcArgType": "ATTRIBUTE",
		"leaf": true,
		"type": "Parameter",
		"qtip": "",
		"editable": true,
		"id": "extModel1572-42001",
		"parentId": "extModel1572-31999",
		"index": 0,
		"depth": 2,
		"expanded": true,
		"expandable": true,
		"checked": null,
		"cls": "",
		"iconCls": "",
		"icon": "",
		"root": false,
		"isLast": false,
		"isFirst": true,
		"allowDrop": true,
		"allowDrag": true,
		"loaded": false,
		"loading": false,
		"href": "",
		"hrefTarget": "",
		"qtitle": "",
		"qshowDelay": 0,
		"children": null,
		"visible": true,
		"rec": {
			"inUseRules": "ROBO_PRE_TEST_MAPRULE_2,ROBO_PRE_TEST_MAPRULE_1",
			"inputEntityId": "1033922",
			"inputEntityType": "D",
			"inputEntityName": "ROBO_TEST_DATASET1",
			"entityName": "ROBO_TEST_DATASET1",
			"customAttr": "Y",
			"dataDictionaryId": "CRD_ACCT_NBR",
			"physicalName": "CRD_ACCT_NBR",
			"attributeFormat": " ",
			"lookupDisplay": "247908:CRD_ACCT_NBR",
			"inUseCount": 2,
			"attributeId": "247908",
			"attributeName": "CRD_ACCT_NBR",
			"attributeType": "S",
			"attributeOrder": 1,
			"attributeDesc": "CRD_ACCT_NBR",
			"dictionaryAttributeId": "0",
			"aggrFunction": "SUM",
			"id": "HRMNY.model.Attribute-10"
		}
	},
	{
		"text": "1",
		"typeDet": "Numeric_Value",
		"funcArgType": "VALUE",
		"funcArgDataType": "N",
		"leaf": true,
		"type": "Value",
		"qtip": "",
		"editable": true,
		"id": "extModel1572-52011",
		"parentId": "extModel1572-31999",
		"index": 1,
		"depth": 2,
		"expanded": true,
		"expandable": true,
		"checked": null,
		"cls": "",
		"iconCls": "",
		"icon": "",
		"root": false,
		"isLast": false,
		"isFirst": false,
		"allowDrop": true,
		"allowDrag": true,
		"loaded": false,
		"loading": false,
		"href": "",
		"hrefTarget": "",
		"qtitle": "",
		"qshowDelay": 0,
		"children": null,
		"visible": true
	},
	{
		"text": "6",
		"typeDet": "Numeric_Value",
		"funcArgType": "VALUE",
		"funcArgDataType": "N",
		"leaf": true,
		"type": "Value",
		"qtip": "",
		"editable": true,
		"id": "extModel1572-62015",
		"parentId": "extModel1572-31999",
		"index": 2,
		"depth": 2,
		"expanded": true,
		"expandable": true,
		"checked": null,
		"cls": "",
		"iconCls": "",
		"icon": "",
		"root": false,
		"isLast": true,
		"isFirst": false,
		"allowDrop": true,
		"allowDrag": true,
		"loaded": false,
		"loading": false,
		"href": "",
		"hrefTarget": "",
		"qtitle": "",
		"qshowDelay": 0,
		"children": null,
		"visible": true
	}
]