[
	{
		"text": "Start",
		"root": true,
		"isFirst": true,
		"isLast": true,
		"depth": 0,
		"index": 0,
		"parentId": null,
		"allowDrag": false,
		"expanded": true,
		"children": [],
		"loaded": true,
		"id": "root",
		"expandable": true,
		"checked": null,
		"leaf": false,
		"cls": "",
		"iconCls": "",
		"icon": "",
		"allowDrop": true,
		"loading": false,
		"href": "",
		"hrefTarget": "",
		"qtip": "",
		"qtitle": "",
		"qshowDelay": 0,
		"visible": true,
		"type": "",
		"editable": false
	},
	{
		"text": "IF",
		"typeDet": "IF",
		"funcArgType": "FUN",
		"leaf": false,
		"type": "Condition",
		"qtip": "IF(LOGICAL_TEST, VALUE_IF_TRUE, VALUE_IF_FALSE)",
		"editable": false,
		"id": "extModel1572-92067",
		"parentId": "root",
		"index": 0,
		"depth": 1,
		"expanded": true,
		"expandable": true,
		"checked": null,
		"cls": "",
		"iconCls": "",
		"icon": "",
		"root": false,
		"isLast": true,
		"isFirst": true,
		"allowDrop": true,
		"allowDrag": true,
		"loaded": true,
		"loading": false,
		"href": "",
		"hrefTarget": "",
		"qtitle": "",
		"qshowDelay": 0,
		"children": null,
		"visible": true
	},
	{
		"text": "IS_NULL",
		"typeDet": "IS_NULL",
		"funcArgType": "FUN",
		"leaf": false,
		"type": "Common",
		"qtip": "IS_NULL(ATTR)",
		"editable": false,
		"id": "extModel1572-102068",
		"parentId": "extModel1572-92067",
		"index": 0,
		"depth": 2,
		"expanded": true,
		"expandable": true,
		"checked": null,
		"cls": "",
		"iconCls": "",
		"icon": "",
		"root": false,
		"isLast": false,
		"isFirst": true,
		"allowDrop": true,
		"allowDrag": true,
		"loaded": true,
		"loading": false,
		"href": "",
		"hrefTarget": "",
		"qtitle": "",
		"qshowDelay": 0,
		"children": null,
		"visible": true
	},
	{
		"text": "ACCT_OPEN_DT",
		"typeDet": "Attribute",
		"funcArgType": "ATTRIBUTE",
		"leaf": true,
		"type": "Parameter",
		"qtip": "",
		"editable": true,
		"id": "extModel1572-112069",
		"parentId": "extModel1572-102068",
		"index": 0,
		"depth": 3,
		"expanded": true,
		"expandable": true,
		"checked": null,
		"cls": "",
		"iconCls": "",
		"icon": "",
		"root": false,
		"isLast": true,
		"isFirst": true,
		"allowDrop": true,
		"allowDrag": true,
		"loaded": false,
		"loading": false,
		"href": "",
		"hrefTarget": "",
		"qtitle": "",
		"qshowDelay": 0,
		"children": null,
		"visible": true,
		"rec": {
			"inUseRules": "ROBO_PRE_TEST_MAPRULE_2,ROBO_PRE_TEST_MAPRULE_1",
			"inputEntityId": "1033922",
			"inputEntityType": "D",
			"inputEntityName": "ROBO_TEST_DATASET1",
			"entityName": "ROBO_TEST_DATASET1",
			"customAttr": "Y",
			"dataDictionaryId": "ACCT_OPEN_DT",
			"physicalName": "ACCT_OPEN_DT",
			"attributeFormat": " ",
			"lookupDisplay": "247910:ACCT_OPEN_DT",
			"inUseCount": 2,
			"attributeId": "247910",
			"attributeName": "ACCT_OPEN_DT",
			"attributeType": "D",
			"attributeOrder": 3,
			"attributeDesc": "ACCT_OPEN_DT",
			"dictionaryAttributeId": "0",
			"aggrFunction": "SUM",
			"id": "HRMNY.model.Attribute-25"
		}
	},
	{
		"text": "",
		"typeDet": "String_Value",
		"funcArgType": "VALUE",
		"funcArgDataType": "S",
		"leaf": true,
		"type": "Value",
		"qtip": "",
		"editable": true,
		"id": "extModel1572-122079",
		"parentId": "extModel1572-92067",
		"index": 1,
		"depth": 2,
		"expanded": true,
		"expandable": true,
		"checked": null,
		"cls": "",
		"iconCls": "",
		"icon": "",
		"root": false,
		"isLast": false,
		"isFirst": false,
		"allowDrop": true,
		"allowDrag": true,
		"loaded": false,
		"loading": false,
		"href": "",
		"hrefTarget": "",
		"qtitle": "",
		"qshowDelay": 0,
		"children": null,
		"visible": true
	},
	{
		"text": "UPPER",
		"typeDet": "UPPER",
		"funcArgType": "FUN",
		"leaf": false,
		"type": "String",
		"qtip": "UPPER(ARG)",
		"editable": false,
		"id": "extModel1572-132083",
		"parentId": "extModel1572-92067",
		"index": 2,
		"depth": 2,
		"expanded": true,
		"expandable": true,
		"checked": null,
		"cls": "",
		"iconCls": "",
		"icon": "",
		"root": false,
		"isLast": true,
		"isFirst": false,
		"allowDrop": true,
		"allowDrag": true,
		"loaded": true,
		"loading": false,
		"href": "",
		"hrefTarget": "",
		"qtitle": "",
		"qshowDelay": 0,
		"children": null,
		"visible": true
	},
	{
		"text": "DATE_TO_STR",
		"typeDet": "DATE_TO_STR",
		"funcArgType": "FUN",
		"leaf": false,
		"type": "Date",
		"qtip": "DATE_TO_STR(DATE,FORMAT)",
		"editable": false,
		"id": "extModel1572-142084",
		"parentId": "extModel1572-132083",
		"index": 0,
		"depth": 3,
		"expanded": true,
		"expandable": true,
		"checked": null,
		"cls": "",
		"iconCls": "",
		"icon": "",
		"root": false,
		"isLast": true,
		"isFirst": true,
		"allowDrop": true,
		"allowDrag": true,
		"loaded": true,
		"loading": false,
		"href": "",
		"hrefTarget": "",
		"qtitle": "",
		"qshowDelay": 0,
		"children": null,
		"visible": true
	},
	{
		"text": "ACCT_OPEN_DT",
		"typeDet": "Attribute",
		"funcArgType": "ATTRIBUTE",
		"leaf": true,
		"type": "Parameter",
		"qtip": "",
		"editable": true,
		"id": "extModel1572-152085",
		"parentId": "extModel1572-142084",
		"index": 0,
		"depth": 4,
		"expanded": true,
		"expandable": true,
		"checked": null,
		"cls": "",
		"iconCls": "",
		"icon": "",
		"root": false,
		"isLast": false,
		"isFirst": true,
		"allowDrop": true,
		"allowDrag": true,
		"loaded": false,
		"loading": false,
		"href": "",
		"hrefTarget": "",
		"qtitle": "",
		"qshowDelay": 0,
		"children": null,
		"visible": true,
		"rec": {
			"inUseRules": "ROBO_PRE_TEST_MAPRULE_2,ROBO_PRE_TEST_MAPRULE_1",
			"inputEntityId": "1033922",
			"inputEntityType": "D",
			"inputEntityName": "ROBO_TEST_DATASET1",
			"entityName": "ROBO_TEST_DATASET1",
			"customAttr": "Y",
			"dataDictionaryId": "ACCT_OPEN_DT",
			"physicalName": "ACCT_OPEN_DT",
			"attributeFormat": " ",
			"lookupDisplay": "247910:ACCT_OPEN_DT",
			"inUseCount": 2,
			"attributeId": "247910",
			"attributeName": "ACCT_OPEN_DT",
			"attributeType": "D",
			"attributeOrder": 3,
			"attributeDesc": "ACCT_OPEN_DT",
			"dictionaryAttributeId": "0",
			"aggrFunction": "SUM",
			"id": "HRMNY.model.Attribute-29"
		}
	},
	{
		"text": "MMDDYYYY",
		"typeDet": "String_Value",
		"funcArgType": "VALUE",
		"funcArgDataType": "S",
		"leaf": true,
		"type": "Value",
		"qtip": "",
		"editable": true,
		"id": "extModel1572-162095",
		"parentId": "extModel1572-142084",
		"index": 1,
		"depth": 4,
		"expanded": true,
		"expandable": true,
		"checked": null,
		"cls": "",
		"iconCls": "",
		"icon": "",
		"root": false,
		"isLast": true,
		"isFirst": false,
		"allowDrop": true,
		"allowDrag": true,
		"loaded": false,
		"loading": false,
		"href": "",
		"hrefTarget": "",
		"qtitle": "",
		"qshowDelay": 0,
		"children": null,
		"visible": true
	}
]