[
	{
		"text": "Root",
		"root": true,
		"isFirst": true,
		"isLast": true,
		"depth": 0,
		"index": 0,
		"parentId": null,
		"allowDrag": false,
		"expanded": true,
		"id": "root",
		"expandable": true,
		"checked": null,
		"leaf": false,
		"cls": "",
		"iconCls": "",
		"icon": "",
		"allowDrop": true,
		"loaded": true,
		"loading": false,
		"href": "",
		"hrefTarget": "",
		"qtip": "",
		"qtitle": "",
		"qshowDelay": 0,
		"children": null,
		"visible": true,
		"type": "",
		"editable": false
	},
	{
		"funcArgType": "FUN",
		"expanded": true,
		"text": "SUBSTRING",
		"type": "Function",
		"typeDet": "SUBSTRING",
		"children": [
			{
				"funcArgType": "ATTRIBUTE",
				"editable": true,
				"rec": {
					"outputMappedToDataset": false,
					"attributeName": "CRD_ACCT_NBR",
					"attributeType": "S",
					"ruleConflictFlag": false
				},
				"text": "CRD_ACCT_NBR",
				"type": "Parameter",
				"typeDet": "Attribute",
				"leaf": true,
				"id": "extModel2061-2",
				"parentId": "extModel2061-1",
				"index": 0,
				"depth": 2,
				"expanded": false,
				"expandable": true,
				"checked": null,
				"cls": "",
				"iconCls": "",
				"icon": "",
				"root": false,
				"isLast": false,
				"isFirst": true,
				"allowDrop": true,
				"allowDrag": true,
				"loaded": false,
				"loading": false,
				"href": "",
				"hrefTarget": "",
				"qtip": "",
				"qtitle": "",
				"qshowDelay": 0,
				"children": null,
				"visible": true
			},
			{
				"funcArgType": "VALUE",
				"funcArgDataType": "N",
				"editable": true,
				"rec": {
					"outputMappedToDataset": false,
					"attributeName": "1",
					"attributeType": "N",
					"ruleConflictFlag": false
				},
				"text": "1",
				"type": "Parameter",
				"typeDet": "Numeric_Value",
				"leaf": true,
				"id": "extModel2061-3",
				"parentId": "extModel2061-1",
				"index": 1,
				"depth": 2,
				"expanded": false,
				"expandable": true,
				"checked": null,
				"cls": "",
				"iconCls": "",
				"icon": "",
				"root": false,
				"isLast": false,
				"isFirst": false,
				"allowDrop": true,
				"allowDrag": true,
				"loaded": false,
				"loading": false,
				"href": "",
				"hrefTarget": "",
				"qtip": "",
				"qtitle": "",
				"qshowDelay": 0,
				"children": null,
				"visible": true
			},
			{
				"funcArgType": "VALUE",
				"funcArgDataType": "N",
				"editable": true,
				"rec": {
					"outputMappedToDataset": false,
					"attributeName": "6",
					"attributeType": "N",
					"ruleConflictFlag": false
				},
				"text": "6",
				"type": "Parameter",
				"typeDet": "Numeric_Value",
				"leaf": true,
				"id": "extModel2061-4",
				"parentId": "extModel2061-1",
				"index": 2,
				"depth": 2,
				"expanded": false,
				"expandable": true,
				"checked": null,
				"cls": "",
				"iconCls": "",
				"icon": "",
				"root": false,
				"isLast": true,
				"isFirst": false,
				"allowDrop": true,
				"allowDrag": true,
				"loaded": false,
				"loading": false,
				"href": "",
				"hrefTarget": "",
				"qtip": "",
				"qtitle": "",
				"qshowDelay": 0,
				"children": null,
				"visible": true
			}
		],
		"id": "extModel2061-1",
		"parentId": "root",
		"index": 0,
		"depth": 1,
		"expandable": true,
		"checked": null,
		"leaf": false,
		"cls": "",
		"iconCls": "",
		"icon": "",
		"root": false,
		"isLast": true,
		"isFirst": true,
		"allowDrop": true,
		"allowDrag": true,
		"loaded": true,
		"loading": false,
		"href": "",
		"hrefTarget": "",
		"qtip": "",
		"qtitle": "",
		"qshowDelay": 0,
		"visible": true,
		"editable": false
	},
	{
		"funcArgType": "ATTRIBUTE",
		"editable": true,
		"rec": {
			"outputMappedToDataset": false,
			"attributeName": "CRD_ACCT_NBR",
			"attributeType": "S",
			"ruleConflictFlag": false
		},
		"text": "CRD_ACCT_NBR",
		"type": "Parameter",
		"typeDet": "Attribute",
		"leaf": true,
		"id": "extModel2061-2",
		"parentId": "extModel2061-1",
		"index": 0,
		"depth": 2,
		"expanded": false,
		"expandable": true,
		"checked": null,
		"cls": "",
		"iconCls": "",
		"icon": "",
		"root": false,
		"isLast": false,
		"isFirst": true,
		"allowDrop": true,
		"allowDrag": true,
		"loaded": false,
		"loading": false,
		"href": "",
		"hrefTarget": "",
		"qtip": "",
		"qtitle": "",
		"qshowDelay": 0,
		"children": null,
		"visible": true
	},
	{
		"funcArgType": "VALUE",
		"funcArgDataType": "N",
		"editable": true,
		"rec": {
			"outputMappedToDataset": false,
			"attributeName": "1",
			"attributeType": "N",
			"ruleConflictFlag": false
		},
		"text": "1",
		"type": "Parameter",
		"typeDet": "Numeric_Value",
		"leaf": true,
		"id": "extModel2061-3",
		"parentId": "extModel2061-1",
		"index": 1,
		"depth": 2,
		"expanded": false,
		"expandable": true,
		"checked": null,
		"cls": "",
		"iconCls": "",
		"icon": "",
		"root": false,
		"isLast": false,
		"isFirst": false,
		"allowDrop": true,
		"allowDrag": true,
		"loaded": false,
		"loading": false,
		"href": "",
		"hrefTarget": "",
		"qtip": "",
		"qtitle": "",
		"qshowDelay": 0,
		"children": null,
		"visible": true
	},
	{
		"funcArgType": "VALUE",
		"funcArgDataType": "N",
		"editable": true,
		"rec": {
			"outputMappedToDataset": false,
			"attributeName": "6",
			"attributeType": "N",
			"ruleConflictFlag": false
		},
		"text": "6",
		"type": "Parameter",
		"typeDet": "Numeric_Value",
		"leaf": true,
		"id": "extModel2061-4",
		"parentId": "extModel2061-1",
		"index": 2,
		"depth": 2,
		"expanded": false,
		"expandable": true,
		"checked": null,
		"cls": "",
		"iconCls": "",
		"icon": "",
		"root": false,
		"isLast": true,
		"isFirst": false,
		"allowDrop": true,
		"allowDrag": true,
		"loaded": false,
		"loading": false,
		"href": "",
		"hrefTarget": "",
		"qtip": "",
		"qtitle": "",
		"qshowDelay": 0,
		"children": null,
		"visible": true
	}
]
