[
	{
		"text": "Root",
		"root": true,
		"isFirst": true,
		"isLast": true,
		"depth": 0,
		"index": 0,
		"parentId": null,
		"allowDrag": false,
		"expanded": true,
		"id": "root",
		"expandable": true,
		"checked": null,
		"leaf": false,
		"cls": "",
		"iconCls": "",
		"icon": "",
		"allowDrop": true,
		"loaded": true,
		"loading": false,
		"href": "",
		"hrefTarget": "",
		"qtip": "",
		"qtitle": "",
		"qshowDelay": 0,
		"children": null,
		"visible": true,
		"type": "",
		"editable": false
	},
	{
		"funcArgType": "FUN",
		"expanded": true,
		"text": "ASSIGN",
		"type": "Function",
		"typeDet": "ASSIGN",
		"children": [{
			"funcArgType": "ATTRIBUTE",
			"editable": true,
			"rec": {
				"attributeName": "CRD_ACCT_NBR",
				"ruleConflictFlag": false,
				"attributeType": "S"
			},
			"text": "CRD_ACCT_NBR",
			"type": "Parameter",
			"typeDet": "Attribute",
			"leaf": true,
			"id": "extModel2085-2",
			"parentId": "extModel2085-1",
			"index": 0,
			"depth": 2,
			"expanded": false,
			"expandable": true,
			"checked": null,
			"cls": "",
			"iconCls": "",
			"icon": "",
			"root": false,
			"isLast": true,
			"isFirst": true,
			"allowDrop": true,
			"allowDrag": true,
			"loaded": false,
			"loading": false,
			"href": "",
			"hrefTarget": "",
			"qtip": "",
			"qtitle": "",
			"qshowDelay": 0,
			"children": null,
			"visible": true
		}],
		"id": "extModel2085-1",
		"parentId": "root",
		"index": 0,
		"depth": 1,
		"expandable": true,
		"checked": null,
		"leaf": false,
		"cls": "",
		"iconCls": "",
		"icon": "",
		"root": false,
		"isLast": true,
		"isFirst": true,
		"allowDrop": true,
		"allowDrag": true,
		"loaded": true,
		"loading": false,
		"href": "",
		"hrefTarget": "",
		"qtip": "",
		"qtitle": "",
		"qshowDelay": 0,
		"visible": true,
		"editable": false
	},
	{
		"funcArgType": "ATTRIBUTE",
		"editable": true,
		"rec": {
			"attributeName": "CRD_ACCT_NBR",
			"ruleConflictFlag": false,
			"attributeType": "S"
		},
		"text": "CRD_ACCT_NBR",
		"type": "Parameter",
		"typeDet": "Attribute",
		"leaf": true,
		"id": "extModel2085-2",
		"parentId": "extModel2085-1",
		"index": 0,
		"depth": 2,
		"expanded": false,
		"expandable": true,
		"checked": null,
		"cls": "",
		"iconCls": "",
		"icon": "",
		"root": false,
		"isLast": true,
		"isFirst": true,
		"allowDrop": true,
		"allowDrag": true,
		"loaded": false,
		"loading": false,
		"href": "",
		"hrefTarget": "",
		"qtip": "",
		"qtitle": "",
		"qshowDelay": 0,
		"children": null,
		"visible": true
	}
]