[
	{
		"text": "Start",
		"root": true,
		"isFirst": true,
		"isLast": true,
		"depth": 0,
		"index": 0,
		"parentId": null,
		"allowDrag": false,
		"expanded": true,
		"children": [],
		"loaded": true,
		"id": "root",
		"expandable": true,
		"checked": null,
		"leaf": false,
		"cls": "",
		"iconCls": "",
		"icon": "",
		"allowDrop": true,
		"loading": false,
		"href": "",
		"hrefTarget": "",
		"qtip": "",
		"qtitle": "",
		"qshowDelay": 0,
		"visible": true,
		"type": "",
		"editable": false
	},
	{
		"text": "ASSIGN",
		"typeDet": "ASSIGN",
		"funcArgType": "FUN",
		"leaf": false,
		"type": "Function",
		"qtip": "ASSIGN_A_VALUE (SINGLEVALUE)",
		"editable": false,
		"id": "extModel1572-532062",
		"parentId": "root",
		"index": 0,
		"depth": 1,
		"expanded": true,
		"expandable": true,
		"checked": null,
		"cls": "",
		"iconCls": "",
		"icon": "",
		"root": false,
		"isLast": true,
		"isFirst": true,
		"allowDrop": true,
		"allowDrag": true,
		"loaded": true,
		"loading": false,
		"href": "",
		"hrefTarget": "",
		"qtitle": "",
		"qshowDelay": 0,
		"children": null,
		"visible": true
	},
	{
		"text": "ACCT_ORG_CDE",
		"typeDet": "Attribute",
		"funcArgType": "ATTRIBUTE",
		"leaf": true,
		"type": "Parameter",
		"qtip": "",
		"editable": true,
		"id": "extModel1572-542063",
		"parentId": "extModel1572-532062",
		"index": 0,
		"depth": 2,
		"expanded": false,
		"expandable": true,
		"checked": null,
		"cls": "",
		"iconCls": "",
		"icon": "",
		"root": false,
		"isLast": true,
		"isFirst": true,
		"allowDrop": true,
		"allowDrag": true,
		"loaded": false,
		"loading": false,
		"href": "",
		"hrefTarget": "",
		"qtitle": "",
		"qshowDelay": 0,
		"children": null,
		"visible": true,
		"rec": {
			"inUseRules": "ROBO_PRE_TEST_MAPRULE_1",
			"inputEntityId": "1033922",
			"inputEntityType": "D",
			"inputEntityName": "ROBO_TEST_DATASET1",
			"entityName": "ROBO_TEST_DATASET1",
			"customAttr": "Y",
			"dataDictionaryId": "ACCT_ORG_CDE",
			"physicalName": "ACCT_ORG_CDE",
			"attributeFormat": " ",
			"lookupDisplay": "247909:ACCT_ORG_CDE",
			"inUseCount": 1,
			"attributeId": "247909",
			"attributeName": "ACCT_ORG_CDE",
			"attributeType": "S",
			"attributeOrder": 2,
			"attributeDesc": "ACCT_ORG_CDE",
			"dictionaryAttributeId": "0",
			"aggrFunction": "SUM",
			"id": "HRMNY.model.Attribute-30"
		}
	}
]